{
    "version": "0.7.0",
    "changelog": "*Alpha build",
    "files": [
        "app/backend/version.txt",
        "app/distv0.7.0/1018.bundle.js",
        "app/distv0.7.0/1069.bundle.js",
        "app/distv0.7.0/1118.bundle.js",
        "app/distv0.7.0/1174.bundle.js",
        "app/distv0.7.0/1233.bundle.js",
        "app/distv0.7.0/1323.bundle.js",
        "app/distv0.7.0/1400.bundle.js",
        "app/distv0.7.0/1598.bundle.js",
        "app/distv0.7.0/1765.bundle.js",
        "app/distv0.7.0/1793.bundle.js",
        "app/distv0.7.0/1796.bundle.js",
        "app/distv0.7.0/1855.bundle.js",
        "app/distv0.7.0/1861.bundle.js",
        "app/distv0.7.0/1906.bundle.js",
        "app/distv0.7.0/1938.bundle.js",
        "app/distv0.7.0/204.bundle.js",
        "app/distv0.7.0/2088.bundle.js",
        "app/distv0.7.0/2097.bundle.js",
        "app/distv0.7.0/2290.bundle.js",
        "app/distv0.7.0/2290.bundle.js.LICENSE.txt",
        "app/distv0.7.0/2465.bundle.js",
        "app/distv0.7.0/2972.bundle.js",
        "app/distv0.7.0/2972.bundle.js.LICENSE.txt",
        "app/distv0.7.0/3028.bundle.js",
        "app/distv0.7.0/3458.bundle.js",
        "app/distv0.7.0/3556.bundle.js",
        "app/distv0.7.0/3556.bundle.js.LICENSE.txt",
        "app/distv0.7.0/3576.bundle.js",
        "app/distv0.7.0/3591.bundle.js",
        "app/distv0.7.0/3591.bundle.js.LICENSE.txt",
        "app/distv0.7.0/3624.bundle.js",
        "app/distv0.7.0/3663.bundle.js",
        "app/distv0.7.0/3663.bundle.js.LICENSE.txt",
        "app/distv0.7.0/4065.bundle.js",
        "app/distv0.7.0/4259.bundle.js",
        "app/distv0.7.0/4366.bundle.js",
        "app/distv0.7.0/4573.bundle.js",
        "app/distv0.7.0/4723.bundle.js",
        "app/distv0.7.0/5068.bundle.js",
        "app/distv0.7.0/5357.bundle.js",
        "app/distv0.7.0/5398.bundle.js",
        "app/distv0.7.0/5432.bundle.js",
        "app/distv0.7.0/5524.bundle.js",
        "app/distv0.7.0/5562.bundle.js",
        "app/distv0.7.0/5693.bundle.js",
        "app/distv0.7.0/586.bundle.js",
        "app/distv0.7.0/6058.bundle.js",
        "app/distv0.7.0/6058.bundle.js.LICENSE.txt",
        "app/distv0.7.0/6070.bundle.js",
        "app/distv0.7.0/6125.bundle.js",
        "app/distv0.7.0/6125.bundle.js.LICENSE.txt",
        "app/distv0.7.0/6218.bundle.js",
        "app/distv0.7.0/625.bundle.js",
        "app/distv0.7.0/6314.bundle.js",
        "app/distv0.7.0/6342.bundle.js",
        "app/distv0.7.0/6342.bundle.js.LICENSE.txt",
        "app/distv0.7.0/6502.bundle.js",
        "app/distv0.7.0/6679.bundle.js",
        "app/distv0.7.0/6783.bundle.js",
        "app/distv0.7.0/6856.bundle.js",
        "app/distv0.7.0/6869.bundle.js",
        "app/distv0.7.0/6880.bundle.js",
        "app/distv0.7.0/7149.bundle.js",
        "app/distv0.7.0/7157.bundle.js",
        "app/distv0.7.0/7188.bundle.js",
        "app/distv0.7.0/7277.bundle.js",
        "app/distv0.7.0/7297.bundle.js",
        "app/distv0.7.0/7297.bundle.js.LICENSE.txt",
        "app/distv0.7.0/7314.bundle.js",
        "app/distv0.7.0/7314.bundle.js.LICENSE.txt",
        "app/distv0.7.0/7361.bundle.js",
        "app/distv0.7.0/7393.bundle.js",
        "app/distv0.7.0/7523.bundle.js",
        "app/distv0.7.0/7540.bundle.js",
        "app/distv0.7.0/7571.bundle.js",
        "app/distv0.7.0/7615.bundle.js",
        "app/distv0.7.0/7634.bundle.js",
        "app/distv0.7.0/7722.bundle.js",
        "app/distv0.7.0/7871.bundle.js",
        "app/distv0.7.0/7997.bundle.js",
        "app/distv0.7.0/8398.bundle.js",
        "app/distv0.7.0/8670.bundle.js",
        "app/distv0.7.0/8902.bundle.js",
        "app/distv0.7.0/9001.bundle.js",
        "app/distv0.7.0/9159.bundle.js",
        "app/distv0.7.0/9524.bundle.js",
        "app/distv0.7.0/9592.bundle.js",
        "app/distv0.7.0/9652.bundle.js",
        "app/distv0.7.0/9655.bundle.js",
        "app/distv0.7.0/9667.bundle.js",
        "app/distv0.7.0/9755.bundle.js",
        "app/distv0.7.0/bundle.js",
        "app/distv0.7.0/bundle.js.LICENSE.txt",
        "app/service-worker.js",
        "app/static/css/distv0.7.0/admin-more-styles.css",
        "app/static/css/distv0.7.0/admin-style.css",
        "app/static/css/distv0.7.0/loader.css",
        "app/static/css/distv0.7.0/my-styles.css"
    ],
    "rename": {
        "app/static/css/distv0.6.3/admin-more-styles.css": "app/static/css/distv0.7.0/admin-more-styles.css",
        "app/static/css/distv0.6.3/admin-style.css": "app/static/css/distv0.7.0/admin-style.css",
        "app/static/css/distv0.6.3/loader.css": "app/static/css/distv0.7.0/loader.css",
        "app/static/css/distv0.6.3/my-styles.css": "app/static/css/distv0.7.0/my-styles.css"
    },
    "delete": [
        "app/backend/COMPOSER_SETUP.md"
    ],
    "run": [],
    "generated_at": "2025-12-24T08:34:39+01:00"
}