{
    "version": "0.7.5",
    "changelog": "*Alpha build",
    "files": [
        "app/backend/.env-example",
        "app/backend/core/response.php",
        "app/backend/index.php",
        "app/backend/services/InstallService.php",
        "app/backend/services/TradeAccountService.php",
        "app/backend/services/UpdateService.php",
        "app/backend/version.txt",
        "app/backend/websocket/QUICK_SETUP.md",
        "app/distv0.7.5/1018.bundle.js",
        "app/distv0.7.5/1069.bundle.js",
        "app/distv0.7.5/1118.bundle.js",
        "app/distv0.7.5/1174.bundle.js",
        "app/distv0.7.5/1233.bundle.js",
        "app/distv0.7.5/1323.bundle.js",
        "app/distv0.7.5/1400.bundle.js",
        "app/distv0.7.5/1598.bundle.js",
        "app/distv0.7.5/1765.bundle.js",
        "app/distv0.7.5/1793.bundle.js",
        "app/distv0.7.5/1796.bundle.js",
        "app/distv0.7.5/1855.bundle.js",
        "app/distv0.7.5/1861.bundle.js",
        "app/distv0.7.5/1906.bundle.js",
        "app/distv0.7.5/1938.bundle.js",
        "app/distv0.7.5/204.bundle.js",
        "app/distv0.7.5/2088.bundle.js",
        "app/distv0.7.5/2097.bundle.js",
        "app/distv0.7.5/2290.bundle.js",
        "app/distv0.7.5/2290.bundle.js.LICENSE.txt",
        "app/distv0.7.5/2465.bundle.js",
        "app/distv0.7.5/2972.bundle.js",
        "app/distv0.7.5/2972.bundle.js.LICENSE.txt",
        "app/distv0.7.5/3028.bundle.js",
        "app/distv0.7.5/3458.bundle.js",
        "app/distv0.7.5/3556.bundle.js",
        "app/distv0.7.5/3556.bundle.js.LICENSE.txt",
        "app/distv0.7.5/3576.bundle.js",
        "app/distv0.7.5/3591.bundle.js",
        "app/distv0.7.5/3591.bundle.js.LICENSE.txt",
        "app/distv0.7.5/3624.bundle.js",
        "app/distv0.7.5/3663.bundle.js",
        "app/distv0.7.5/3663.bundle.js.LICENSE.txt",
        "app/distv0.7.5/4065.bundle.js",
        "app/distv0.7.5/4259.bundle.js",
        "app/distv0.7.5/4366.bundle.js",
        "app/distv0.7.5/4573.bundle.js",
        "app/distv0.7.5/4723.bundle.js",
        "app/distv0.7.5/5068.bundle.js",
        "app/distv0.7.5/5357.bundle.js",
        "app/distv0.7.5/5398.bundle.js",
        "app/distv0.7.5/5432.bundle.js",
        "app/distv0.7.5/5524.bundle.js",
        "app/distv0.7.5/5562.bundle.js",
        "app/distv0.7.5/5693.bundle.js",
        "app/distv0.7.5/586.bundle.js",
        "app/distv0.7.5/6058.bundle.js",
        "app/distv0.7.5/6058.bundle.js.LICENSE.txt",
        "app/distv0.7.5/6070.bundle.js",
        "app/distv0.7.5/6125.bundle.js",
        "app/distv0.7.5/6125.bundle.js.LICENSE.txt",
        "app/distv0.7.5/6218.bundle.js",
        "app/distv0.7.5/625.bundle.js",
        "app/distv0.7.5/6314.bundle.js",
        "app/distv0.7.5/6342.bundle.js",
        "app/distv0.7.5/6342.bundle.js.LICENSE.txt",
        "app/distv0.7.5/6502.bundle.js",
        "app/distv0.7.5/6679.bundle.js",
        "app/distv0.7.5/6783.bundle.js",
        "app/distv0.7.5/6856.bundle.js",
        "app/distv0.7.5/6869.bundle.js",
        "app/distv0.7.5/6880.bundle.js",
        "app/distv0.7.5/7149.bundle.js",
        "app/distv0.7.5/7157.bundle.js",
        "app/distv0.7.5/7188.bundle.js",
        "app/distv0.7.5/7277.bundle.js",
        "app/distv0.7.5/7297.bundle.js",
        "app/distv0.7.5/7297.bundle.js.LICENSE.txt",
        "app/distv0.7.5/7314.bundle.js",
        "app/distv0.7.5/7314.bundle.js.LICENSE.txt",
        "app/distv0.7.5/7361.bundle.js",
        "app/distv0.7.5/7393.bundle.js",
        "app/distv0.7.5/7523.bundle.js",
        "app/distv0.7.5/7540.bundle.js",
        "app/distv0.7.5/7571.bundle.js",
        "app/distv0.7.5/7615.bundle.js",
        "app/distv0.7.5/7634.bundle.js",
        "app/distv0.7.5/7722.bundle.js",
        "app/distv0.7.5/7871.bundle.js",
        "app/distv0.7.5/7997.bundle.js",
        "app/distv0.7.5/8398.bundle.js",
        "app/distv0.7.5/8670.bundle.js",
        "app/distv0.7.5/8902.bundle.js",
        "app/distv0.7.5/9001.bundle.js",
        "app/distv0.7.5/9159.bundle.js",
        "app/distv0.7.5/9524.bundle.js",
        "app/distv0.7.5/9592.bundle.js",
        "app/distv0.7.5/9652.bundle.js",
        "app/distv0.7.5/9655.bundle.js",
        "app/distv0.7.5/9667.bundle.js",
        "app/distv0.7.5/9755.bundle.js",
        "app/distv0.7.5/bundle.js",
        "app/distv0.7.5/bundle.js.LICENSE.txt",
        "app/service-worker.js",
        "app/static/css/distv0.7.5/admin-more-styles.css",
        "app/static/css/distv0.7.5/admin-style.css",
        "app/static/css/distv0.7.5/loader.css",
        "app/static/css/distv0.7.5/my-styles.css"
    ],
    "rename": {
        "app/static/css/distv0.7.3/admin-more-styles.css": "app/static/css/distv0.7.5/admin-more-styles.css",
        "app/static/css/distv0.7.3/admin-style.css": "app/static/css/distv0.7.5/admin-style.css",
        "app/static/css/distv0.7.3/loader.css": "app/static/css/distv0.7.5/loader.css",
        "app/static/css/distv0.7.3/my-styles.css": "app/static/css/distv0.7.5/my-styles.css"
    },
    "delete": [],
    "run": [],
    "generated_at": "2025-12-25T09:10:58+01:00"
}