{
    "version": "0.7.1",
    "changelog": "*Alpha build",
    "files": [
        "app/backend/version.txt",
        "app/distv0.7.1/1018.bundle.js",
        "app/distv0.7.1/1069.bundle.js",
        "app/distv0.7.1/1118.bundle.js",
        "app/distv0.7.1/1174.bundle.js",
        "app/distv0.7.1/1233.bundle.js",
        "app/distv0.7.1/1323.bundle.js",
        "app/distv0.7.1/1400.bundle.js",
        "app/distv0.7.1/1598.bundle.js",
        "app/distv0.7.1/1765.bundle.js",
        "app/distv0.7.1/1793.bundle.js",
        "app/distv0.7.1/1796.bundle.js",
        "app/distv0.7.1/1855.bundle.js",
        "app/distv0.7.1/1861.bundle.js",
        "app/distv0.7.1/1906.bundle.js",
        "app/distv0.7.1/1938.bundle.js",
        "app/distv0.7.1/204.bundle.js",
        "app/distv0.7.1/2088.bundle.js",
        "app/distv0.7.1/2097.bundle.js",
        "app/distv0.7.1/2290.bundle.js",
        "app/distv0.7.1/2290.bundle.js.LICENSE.txt",
        "app/distv0.7.1/2465.bundle.js",
        "app/distv0.7.1/2972.bundle.js",
        "app/distv0.7.1/2972.bundle.js.LICENSE.txt",
        "app/distv0.7.1/3028.bundle.js",
        "app/distv0.7.1/3458.bundle.js",
        "app/distv0.7.1/3556.bundle.js",
        "app/distv0.7.1/3556.bundle.js.LICENSE.txt",
        "app/distv0.7.1/3576.bundle.js",
        "app/distv0.7.1/3591.bundle.js",
        "app/distv0.7.1/3591.bundle.js.LICENSE.txt",
        "app/distv0.7.1/3624.bundle.js",
        "app/distv0.7.1/3663.bundle.js",
        "app/distv0.7.1/3663.bundle.js.LICENSE.txt",
        "app/distv0.7.1/4065.bundle.js",
        "app/distv0.7.1/4259.bundle.js",
        "app/distv0.7.1/4366.bundle.js",
        "app/distv0.7.1/4573.bundle.js",
        "app/distv0.7.1/4723.bundle.js",
        "app/distv0.7.1/5068.bundle.js",
        "app/distv0.7.1/5357.bundle.js",
        "app/distv0.7.1/5398.bundle.js",
        "app/distv0.7.1/5432.bundle.js",
        "app/distv0.7.1/5524.bundle.js",
        "app/distv0.7.1/5562.bundle.js",
        "app/distv0.7.1/5693.bundle.js",
        "app/distv0.7.1/586.bundle.js",
        "app/distv0.7.1/6058.bundle.js",
        "app/distv0.7.1/6058.bundle.js.LICENSE.txt",
        "app/distv0.7.1/6070.bundle.js",
        "app/distv0.7.1/6125.bundle.js",
        "app/distv0.7.1/6125.bundle.js.LICENSE.txt",
        "app/distv0.7.1/6218.bundle.js",
        "app/distv0.7.1/625.bundle.js",
        "app/distv0.7.1/6314.bundle.js",
        "app/distv0.7.1/6342.bundle.js",
        "app/distv0.7.1/6342.bundle.js.LICENSE.txt",
        "app/distv0.7.1/6502.bundle.js",
        "app/distv0.7.1/6679.bundle.js",
        "app/distv0.7.1/6783.bundle.js",
        "app/distv0.7.1/6856.bundle.js",
        "app/distv0.7.1/6869.bundle.js",
        "app/distv0.7.1/6880.bundle.js",
        "app/distv0.7.1/7149.bundle.js",
        "app/distv0.7.1/7157.bundle.js",
        "app/distv0.7.1/7188.bundle.js",
        "app/distv0.7.1/7277.bundle.js",
        "app/distv0.7.1/7297.bundle.js",
        "app/distv0.7.1/7297.bundle.js.LICENSE.txt",
        "app/distv0.7.1/7314.bundle.js",
        "app/distv0.7.1/7314.bundle.js.LICENSE.txt",
        "app/distv0.7.1/7361.bundle.js",
        "app/distv0.7.1/7393.bundle.js",
        "app/distv0.7.1/7523.bundle.js",
        "app/distv0.7.1/7540.bundle.js",
        "app/distv0.7.1/7571.bundle.js",
        "app/distv0.7.1/7615.bundle.js",
        "app/distv0.7.1/7634.bundle.js",
        "app/distv0.7.1/7722.bundle.js",
        "app/distv0.7.1/7871.bundle.js",
        "app/distv0.7.1/7997.bundle.js",
        "app/distv0.7.1/8398.bundle.js",
        "app/distv0.7.1/8670.bundle.js",
        "app/distv0.7.1/8902.bundle.js",
        "app/distv0.7.1/9001.bundle.js",
        "app/distv0.7.1/9159.bundle.js",
        "app/distv0.7.1/9524.bundle.js",
        "app/distv0.7.1/9592.bundle.js",
        "app/distv0.7.1/9652.bundle.js",
        "app/distv0.7.1/9655.bundle.js",
        "app/distv0.7.1/9667.bundle.js",
        "app/distv0.7.1/9755.bundle.js",
        "app/distv0.7.1/bundle.js",
        "app/distv0.7.1/bundle.js.LICENSE.txt",
        "app/service-worker.js",
        "app/static/css/distv0.7.1/admin-more-styles.css",
        "app/static/css/distv0.7.1/admin-style.css",
        "app/static/css/distv0.7.1/loader.css",
        "app/static/css/distv0.7.1/my-styles.css"
    ],
    "rename": {
        "app/static/css/distv0.7.0/admin-more-styles.css": "app/static/css/distv0.7.1/admin-more-styles.css",
        "app/static/css/distv0.7.0/admin-style.css": "app/static/css/distv0.7.1/admin-style.css",
        "app/static/css/distv0.7.0/loader.css": "app/static/css/distv0.7.1/loader.css",
        "app/static/css/distv0.7.0/my-styles.css": "app/static/css/distv0.7.1/my-styles.css"
    },
    "delete": [],
    "run": [],
    "generated_at": "2025-12-24T08:45:31+01:00"
}