{
    "version": "0.6.3",
    "changelog": "*Alpha build",
    "files": [
        "app/backend/version.txt",
        "app/distv0.6.3/1018.bundle.js",
        "app/distv0.6.3/1069.bundle.js",
        "app/distv0.6.3/1118.bundle.js",
        "app/distv0.6.3/1174.bundle.js",
        "app/distv0.6.3/1233.bundle.js",
        "app/distv0.6.3/1323.bundle.js",
        "app/distv0.6.3/1400.bundle.js",
        "app/distv0.6.3/1598.bundle.js",
        "app/distv0.6.3/1765.bundle.js",
        "app/distv0.6.3/1793.bundle.js",
        "app/distv0.6.3/1796.bundle.js",
        "app/distv0.6.3/1855.bundle.js",
        "app/distv0.6.3/1861.bundle.js",
        "app/distv0.6.3/1906.bundle.js",
        "app/distv0.6.3/1938.bundle.js",
        "app/distv0.6.3/204.bundle.js",
        "app/distv0.6.3/2088.bundle.js",
        "app/distv0.6.3/2097.bundle.js",
        "app/distv0.6.3/2290.bundle.js",
        "app/distv0.6.3/2290.bundle.js.LICENSE.txt",
        "app/distv0.6.3/2465.bundle.js",
        "app/distv0.6.3/2972.bundle.js",
        "app/distv0.6.3/2972.bundle.js.LICENSE.txt",
        "app/distv0.6.3/3028.bundle.js",
        "app/distv0.6.3/3458.bundle.js",
        "app/distv0.6.3/3556.bundle.js",
        "app/distv0.6.3/3556.bundle.js.LICENSE.txt",
        "app/distv0.6.3/3576.bundle.js",
        "app/distv0.6.3/3591.bundle.js",
        "app/distv0.6.3/3591.bundle.js.LICENSE.txt",
        "app/distv0.6.3/3624.bundle.js",
        "app/distv0.6.3/3663.bundle.js",
        "app/distv0.6.3/3663.bundle.js.LICENSE.txt",
        "app/distv0.6.3/4065.bundle.js",
        "app/distv0.6.3/4259.bundle.js",
        "app/distv0.6.3/4366.bundle.js",
        "app/distv0.6.3/4573.bundle.js",
        "app/distv0.6.3/4723.bundle.js",
        "app/distv0.6.3/5068.bundle.js",
        "app/distv0.6.3/5357.bundle.js",
        "app/distv0.6.3/5398.bundle.js",
        "app/distv0.6.3/5432.bundle.js",
        "app/distv0.6.3/5524.bundle.js",
        "app/distv0.6.3/5562.bundle.js",
        "app/distv0.6.3/5693.bundle.js",
        "app/distv0.6.3/586.bundle.js",
        "app/distv0.6.3/6058.bundle.js",
        "app/distv0.6.3/6058.bundle.js.LICENSE.txt",
        "app/distv0.6.3/6070.bundle.js",
        "app/distv0.6.3/6125.bundle.js",
        "app/distv0.6.3/6125.bundle.js.LICENSE.txt",
        "app/distv0.6.3/6218.bundle.js",
        "app/distv0.6.3/625.bundle.js",
        "app/distv0.6.3/6314.bundle.js",
        "app/distv0.6.3/6342.bundle.js",
        "app/distv0.6.3/6342.bundle.js.LICENSE.txt",
        "app/distv0.6.3/6502.bundle.js",
        "app/distv0.6.3/6679.bundle.js",
        "app/distv0.6.3/6783.bundle.js",
        "app/distv0.6.3/6856.bundle.js",
        "app/distv0.6.3/6869.bundle.js",
        "app/distv0.6.3/6880.bundle.js",
        "app/distv0.6.3/7149.bundle.js",
        "app/distv0.6.3/7157.bundle.js",
        "app/distv0.6.3/7188.bundle.js",
        "app/distv0.6.3/7277.bundle.js",
        "app/distv0.6.3/7297.bundle.js",
        "app/distv0.6.3/7297.bundle.js.LICENSE.txt",
        "app/distv0.6.3/7314.bundle.js",
        "app/distv0.6.3/7314.bundle.js.LICENSE.txt",
        "app/distv0.6.3/7361.bundle.js",
        "app/distv0.6.3/7393.bundle.js",
        "app/distv0.6.3/7523.bundle.js",
        "app/distv0.6.3/7540.bundle.js",
        "app/distv0.6.3/7571.bundle.js",
        "app/distv0.6.3/7615.bundle.js",
        "app/distv0.6.3/7634.bundle.js",
        "app/distv0.6.3/7722.bundle.js",
        "app/distv0.6.3/7871.bundle.js",
        "app/distv0.6.3/7997.bundle.js",
        "app/distv0.6.3/8398.bundle.js",
        "app/distv0.6.3/8670.bundle.js",
        "app/distv0.6.3/8902.bundle.js",
        "app/distv0.6.3/9001.bundle.js",
        "app/distv0.6.3/9159.bundle.js",
        "app/distv0.6.3/9524.bundle.js",
        "app/distv0.6.3/9592.bundle.js",
        "app/distv0.6.3/9652.bundle.js",
        "app/distv0.6.3/9655.bundle.js",
        "app/distv0.6.3/9667.bundle.js",
        "app/distv0.6.3/9755.bundle.js",
        "app/distv0.6.3/bundle.js",
        "app/distv0.6.3/bundle.js.LICENSE.txt",
        "app/service-worker.js",
        "app/static/css/distv0.6.3/admin-more-styles.css",
        "app/static/css/distv0.6.3/admin-style.css",
        "app/static/css/distv0.6.3/loader.css",
        "app/static/css/distv0.6.3/my-styles.css"
    ],
    "rename": {
        "app/static/css/distv0.6.0/admin-more-styles.css": "app/static/css/distv0.6.3/admin-more-styles.css",
        "app/static/css/distv0.6.0/admin-style.css": "app/static/css/distv0.6.3/admin-style.css",
        "app/static/css/distv0.6.0/loader.css": "app/static/css/distv0.6.3/loader.css",
        "app/static/css/distv0.6.0/my-styles.css": "app/static/css/distv0.6.3/my-styles.css"
    },
    "delete": [],
    "run": [],
    "generated_at": "2025-12-23T14:11:34+01:00"
}