{
    "version": "0.7.6",
    "changelog": "*Alpha build",
    "files": [
        "app/backend/version.txt",
        "app/distv0.7.6/1018.bundle.js",
        "app/distv0.7.6/1069.bundle.js",
        "app/distv0.7.6/1118.bundle.js",
        "app/distv0.7.6/1174.bundle.js",
        "app/distv0.7.6/1233.bundle.js",
        "app/distv0.7.6/1323.bundle.js",
        "app/distv0.7.6/1400.bundle.js",
        "app/distv0.7.6/1598.bundle.js",
        "app/distv0.7.6/1765.bundle.js",
        "app/distv0.7.6/1793.bundle.js",
        "app/distv0.7.6/1796.bundle.js",
        "app/distv0.7.6/1855.bundle.js",
        "app/distv0.7.6/1861.bundle.js",
        "app/distv0.7.6/1906.bundle.js",
        "app/distv0.7.6/1938.bundle.js",
        "app/distv0.7.6/204.bundle.js",
        "app/distv0.7.6/2088.bundle.js",
        "app/distv0.7.6/2097.bundle.js",
        "app/distv0.7.6/2290.bundle.js",
        "app/distv0.7.6/2290.bundle.js.LICENSE.txt",
        "app/distv0.7.6/2465.bundle.js",
        "app/distv0.7.6/2972.bundle.js",
        "app/distv0.7.6/2972.bundle.js.LICENSE.txt",
        "app/distv0.7.6/3028.bundle.js",
        "app/distv0.7.6/3458.bundle.js",
        "app/distv0.7.6/3556.bundle.js",
        "app/distv0.7.6/3556.bundle.js.LICENSE.txt",
        "app/distv0.7.6/3576.bundle.js",
        "app/distv0.7.6/3591.bundle.js",
        "app/distv0.7.6/3591.bundle.js.LICENSE.txt",
        "app/distv0.7.6/3624.bundle.js",
        "app/distv0.7.6/3663.bundle.js",
        "app/distv0.7.6/3663.bundle.js.LICENSE.txt",
        "app/distv0.7.6/4065.bundle.js",
        "app/distv0.7.6/4259.bundle.js",
        "app/distv0.7.6/4366.bundle.js",
        "app/distv0.7.6/4573.bundle.js",
        "app/distv0.7.6/4723.bundle.js",
        "app/distv0.7.6/5068.bundle.js",
        "app/distv0.7.6/5357.bundle.js",
        "app/distv0.7.6/5398.bundle.js",
        "app/distv0.7.6/5432.bundle.js",
        "app/distv0.7.6/5524.bundle.js",
        "app/distv0.7.6/5562.bundle.js",
        "app/distv0.7.6/5693.bundle.js",
        "app/distv0.7.6/586.bundle.js",
        "app/distv0.7.6/6058.bundle.js",
        "app/distv0.7.6/6058.bundle.js.LICENSE.txt",
        "app/distv0.7.6/6070.bundle.js",
        "app/distv0.7.6/6125.bundle.js",
        "app/distv0.7.6/6125.bundle.js.LICENSE.txt",
        "app/distv0.7.6/6218.bundle.js",
        "app/distv0.7.6/625.bundle.js",
        "app/distv0.7.6/6314.bundle.js",
        "app/distv0.7.6/6342.bundle.js",
        "app/distv0.7.6/6342.bundle.js.LICENSE.txt",
        "app/distv0.7.6/6502.bundle.js",
        "app/distv0.7.6/6679.bundle.js",
        "app/distv0.7.6/6783.bundle.js",
        "app/distv0.7.6/6856.bundle.js",
        "app/distv0.7.6/6869.bundle.js",
        "app/distv0.7.6/6880.bundle.js",
        "app/distv0.7.6/7149.bundle.js",
        "app/distv0.7.6/7157.bundle.js",
        "app/distv0.7.6/7188.bundle.js",
        "app/distv0.7.6/7277.bundle.js",
        "app/distv0.7.6/7297.bundle.js",
        "app/distv0.7.6/7297.bundle.js.LICENSE.txt",
        "app/distv0.7.6/7314.bundle.js",
        "app/distv0.7.6/7314.bundle.js.LICENSE.txt",
        "app/distv0.7.6/7361.bundle.js",
        "app/distv0.7.6/7393.bundle.js",
        "app/distv0.7.6/7523.bundle.js",
        "app/distv0.7.6/7540.bundle.js",
        "app/distv0.7.6/7571.bundle.js",
        "app/distv0.7.6/7615.bundle.js",
        "app/distv0.7.6/7634.bundle.js",
        "app/distv0.7.6/7722.bundle.js",
        "app/distv0.7.6/7871.bundle.js",
        "app/distv0.7.6/7997.bundle.js",
        "app/distv0.7.6/8398.bundle.js",
        "app/distv0.7.6/8670.bundle.js",
        "app/distv0.7.6/8902.bundle.js",
        "app/distv0.7.6/9001.bundle.js",
        "app/distv0.7.6/9159.bundle.js",
        "app/distv0.7.6/9524.bundle.js",
        "app/distv0.7.6/9592.bundle.js",
        "app/distv0.7.6/9652.bundle.js",
        "app/distv0.7.6/9655.bundle.js",
        "app/distv0.7.6/9667.bundle.js",
        "app/distv0.7.6/9755.bundle.js",
        "app/distv0.7.6/bundle.js",
        "app/distv0.7.6/bundle.js.LICENSE.txt",
        "app/service-worker.js",
        "app/static/css/distv0.7.6/admin-more-styles.css",
        "app/static/css/distv0.7.6/admin-style.css",
        "app/static/css/distv0.7.6/loader.css",
        "app/static/css/distv0.7.6/my-styles.css"
    ],
    "rename": {
        "app/static/css/distv0.7.5/admin-more-styles.css": "app/static/css/distv0.7.6/admin-more-styles.css",
        "app/static/css/distv0.7.5/admin-style.css": "app/static/css/distv0.7.6/admin-style.css",
        "app/static/css/distv0.7.5/loader.css": "app/static/css/distv0.7.6/loader.css",
        "app/static/css/distv0.7.5/my-styles.css": "app/static/css/distv0.7.6/my-styles.css"
    },
    "delete": [],
    "run": [],
    "generated_at": "2025-12-25T15:23:24+01:00"
}