{
    "version": "0.7.7",
    "changelog": "*Alpha build",
    "files": [
        "README.md",
        "app/backend/controllers/UserController.php",
        "app/backend/core/response.php",
        "app/backend/cron/cron_update.php",
        "app/backend/routes/login.php",
        "app/backend/services/UserService.php",
        "app/backend/version.txt",
        "app/distv0.7.7/1018.bundle.js",
        "app/distv0.7.7/1069.bundle.js",
        "app/distv0.7.7/1118.bundle.js",
        "app/distv0.7.7/1174.bundle.js",
        "app/distv0.7.7/1233.bundle.js",
        "app/distv0.7.7/1323.bundle.js",
        "app/distv0.7.7/1400.bundle.js",
        "app/distv0.7.7/1598.bundle.js",
        "app/distv0.7.7/1765.bundle.js",
        "app/distv0.7.7/1793.bundle.js",
        "app/distv0.7.7/1796.bundle.js",
        "app/distv0.7.7/1855.bundle.js",
        "app/distv0.7.7/1861.bundle.js",
        "app/distv0.7.7/1906.bundle.js",
        "app/distv0.7.7/1938.bundle.js",
        "app/distv0.7.7/204.bundle.js",
        "app/distv0.7.7/2088.bundle.js",
        "app/distv0.7.7/2097.bundle.js",
        "app/distv0.7.7/2290.bundle.js",
        "app/distv0.7.7/2290.bundle.js.LICENSE.txt",
        "app/distv0.7.7/2465.bundle.js",
        "app/distv0.7.7/2972.bundle.js",
        "app/distv0.7.7/2972.bundle.js.LICENSE.txt",
        "app/distv0.7.7/3028.bundle.js",
        "app/distv0.7.7/3458.bundle.js",
        "app/distv0.7.7/3556.bundle.js",
        "app/distv0.7.7/3556.bundle.js.LICENSE.txt",
        "app/distv0.7.7/3576.bundle.js",
        "app/distv0.7.7/3591.bundle.js",
        "app/distv0.7.7/3591.bundle.js.LICENSE.txt",
        "app/distv0.7.7/3624.bundle.js",
        "app/distv0.7.7/3663.bundle.js",
        "app/distv0.7.7/3663.bundle.js.LICENSE.txt",
        "app/distv0.7.7/4065.bundle.js",
        "app/distv0.7.7/4259.bundle.js",
        "app/distv0.7.7/4366.bundle.js",
        "app/distv0.7.7/4573.bundle.js",
        "app/distv0.7.7/4723.bundle.js",
        "app/distv0.7.7/5068.bundle.js",
        "app/distv0.7.7/5357.bundle.js",
        "app/distv0.7.7/5398.bundle.js",
        "app/distv0.7.7/5432.bundle.js",
        "app/distv0.7.7/5524.bundle.js",
        "app/distv0.7.7/5562.bundle.js",
        "app/distv0.7.7/5693.bundle.js",
        "app/distv0.7.7/586.bundle.js",
        "app/distv0.7.7/6058.bundle.js",
        "app/distv0.7.7/6058.bundle.js.LICENSE.txt",
        "app/distv0.7.7/6070.bundle.js",
        "app/distv0.7.7/6125.bundle.js",
        "app/distv0.7.7/6125.bundle.js.LICENSE.txt",
        "app/distv0.7.7/6218.bundle.js",
        "app/distv0.7.7/625.bundle.js",
        "app/distv0.7.7/6314.bundle.js",
        "app/distv0.7.7/6342.bundle.js",
        "app/distv0.7.7/6342.bundle.js.LICENSE.txt",
        "app/distv0.7.7/6502.bundle.js",
        "app/distv0.7.7/6679.bundle.js",
        "app/distv0.7.7/6783.bundle.js",
        "app/distv0.7.7/6856.bundle.js",
        "app/distv0.7.7/6869.bundle.js",
        "app/distv0.7.7/6880.bundle.js",
        "app/distv0.7.7/7149.bundle.js",
        "app/distv0.7.7/7157.bundle.js",
        "app/distv0.7.7/7188.bundle.js",
        "app/distv0.7.7/7277.bundle.js",
        "app/distv0.7.7/7297.bundle.js",
        "app/distv0.7.7/7297.bundle.js.LICENSE.txt",
        "app/distv0.7.7/7314.bundle.js",
        "app/distv0.7.7/7314.bundle.js.LICENSE.txt",
        "app/distv0.7.7/7361.bundle.js",
        "app/distv0.7.7/7393.bundle.js",
        "app/distv0.7.7/7523.bundle.js",
        "app/distv0.7.7/7540.bundle.js",
        "app/distv0.7.7/7571.bundle.js",
        "app/distv0.7.7/7615.bundle.js",
        "app/distv0.7.7/7634.bundle.js",
        "app/distv0.7.7/7722.bundle.js",
        "app/distv0.7.7/7871.bundle.js",
        "app/distv0.7.7/7997.bundle.js",
        "app/distv0.7.7/8398.bundle.js",
        "app/distv0.7.7/8670.bundle.js",
        "app/distv0.7.7/8902.bundle.js",
        "app/distv0.7.7/9001.bundle.js",
        "app/distv0.7.7/9159.bundle.js",
        "app/distv0.7.7/9524.bundle.js",
        "app/distv0.7.7/9592.bundle.js",
        "app/distv0.7.7/9652.bundle.js",
        "app/distv0.7.7/9655.bundle.js",
        "app/distv0.7.7/9667.bundle.js",
        "app/distv0.7.7/9755.bundle.js",
        "app/distv0.7.7/bundle.js",
        "app/distv0.7.7/bundle.js.LICENSE.txt",
        "app/service-worker.js",
        "app/static/css/distv0.7.7/admin-more-styles.css",
        "app/static/css/distv0.7.7/admin-style.css",
        "app/static/css/distv0.7.7/loader.css",
        "app/static/css/distv0.7.7/my-styles.css"
    ],
    "rename": {
        "app/static/css/distv0.7.6/admin-more-styles.css": "app/static/css/distv0.7.7/admin-more-styles.css",
        "app/static/css/distv0.7.6/admin-style.css": "app/static/css/distv0.7.7/admin-style.css",
        "app/static/css/distv0.7.6/loader.css": "app/static/css/distv0.7.7/loader.css",
        "app/static/css/distv0.7.6/my-styles.css": "app/static/css/distv0.7.7/my-styles.css"
    },
    "delete": [],
    "run": [],
    "generated_at": "2025-12-29T17:34:10+01:00"
}