{
    "version": "0.8.2",
    "changelog": "*Alpha build",
    "files": [
        "app/backend/services/ProfitCalculationService.php",
        "app/backend/templates/mail.html",
        "app/backend/version.txt",
        "app/backend/websocket/CACHE_CLEANUP_GUIDE.md",
        "app/backend/websocket/error_log",
        "app/backend/websocket/restart_and_clean.php",
        "app/backend/websocket/restart_and_clean_cron.php",
        "app/backend/websocket/server.php",
        "app/backend/websocket/setup.php",
        "app/distv0.8.2/1018.bundle.js",
        "app/distv0.8.2/1069.bundle.js",
        "app/distv0.8.2/1118.bundle.js",
        "app/distv0.8.2/1174.bundle.js",
        "app/distv0.8.2/1233.bundle.js",
        "app/distv0.8.2/1323.bundle.js",
        "app/distv0.8.2/1400.bundle.js",
        "app/distv0.8.2/1598.bundle.js",
        "app/distv0.8.2/1765.bundle.js",
        "app/distv0.8.2/1793.bundle.js",
        "app/distv0.8.2/1796.bundle.js",
        "app/distv0.8.2/1855.bundle.js",
        "app/distv0.8.2/1861.bundle.js",
        "app/distv0.8.2/1906.bundle.js",
        "app/distv0.8.2/1938.bundle.js",
        "app/distv0.8.2/204.bundle.js",
        "app/distv0.8.2/2088.bundle.js",
        "app/distv0.8.2/2097.bundle.js",
        "app/distv0.8.2/2290.bundle.js",
        "app/distv0.8.2/2290.bundle.js.LICENSE.txt",
        "app/distv0.8.2/2465.bundle.js",
        "app/distv0.8.2/2972.bundle.js",
        "app/distv0.8.2/2972.bundle.js.LICENSE.txt",
        "app/distv0.8.2/3028.bundle.js",
        "app/distv0.8.2/3458.bundle.js",
        "app/distv0.8.2/3556.bundle.js",
        "app/distv0.8.2/3556.bundle.js.LICENSE.txt",
        "app/distv0.8.2/3576.bundle.js",
        "app/distv0.8.2/3591.bundle.js",
        "app/distv0.8.2/3591.bundle.js.LICENSE.txt",
        "app/distv0.8.2/3624.bundle.js",
        "app/distv0.8.2/3663.bundle.js",
        "app/distv0.8.2/3663.bundle.js.LICENSE.txt",
        "app/distv0.8.2/4065.bundle.js",
        "app/distv0.8.2/4259.bundle.js",
        "app/distv0.8.2/4366.bundle.js",
        "app/distv0.8.2/4573.bundle.js",
        "app/distv0.8.2/4723.bundle.js",
        "app/distv0.8.2/5068.bundle.js",
        "app/distv0.8.2/5357.bundle.js",
        "app/distv0.8.2/5398.bundle.js",
        "app/distv0.8.2/5432.bundle.js",
        "app/distv0.8.2/5524.bundle.js",
        "app/distv0.8.2/5562.bundle.js",
        "app/distv0.8.2/5693.bundle.js",
        "app/distv0.8.2/586.bundle.js",
        "app/distv0.8.2/6058.bundle.js",
        "app/distv0.8.2/6058.bundle.js.LICENSE.txt",
        "app/distv0.8.2/6070.bundle.js",
        "app/distv0.8.2/6125.bundle.js",
        "app/distv0.8.2/6125.bundle.js.LICENSE.txt",
        "app/distv0.8.2/6218.bundle.js",
        "app/distv0.8.2/625.bundle.js",
        "app/distv0.8.2/6314.bundle.js",
        "app/distv0.8.2/6342.bundle.js",
        "app/distv0.8.2/6342.bundle.js.LICENSE.txt",
        "app/distv0.8.2/6502.bundle.js",
        "app/distv0.8.2/6679.bundle.js",
        "app/distv0.8.2/6783.bundle.js",
        "app/distv0.8.2/6856.bundle.js",
        "app/distv0.8.2/6869.bundle.js",
        "app/distv0.8.2/6880.bundle.js",
        "app/distv0.8.2/7149.bundle.js",
        "app/distv0.8.2/7157.bundle.js",
        "app/distv0.8.2/7188.bundle.js",
        "app/distv0.8.2/7277.bundle.js",
        "app/distv0.8.2/7297.bundle.js",
        "app/distv0.8.2/7297.bundle.js.LICENSE.txt",
        "app/distv0.8.2/7314.bundle.js",
        "app/distv0.8.2/7314.bundle.js.LICENSE.txt",
        "app/distv0.8.2/7361.bundle.js",
        "app/distv0.8.2/7393.bundle.js",
        "app/distv0.8.2/7523.bundle.js",
        "app/distv0.8.2/7540.bundle.js",
        "app/distv0.8.2/7571.bundle.js",
        "app/distv0.8.2/7615.bundle.js",
        "app/distv0.8.2/7634.bundle.js",
        "app/distv0.8.2/7722.bundle.js",
        "app/distv0.8.2/7871.bundle.js",
        "app/distv0.8.2/7997.bundle.js",
        "app/distv0.8.2/8398.bundle.js",
        "app/distv0.8.2/8670.bundle.js",
        "app/distv0.8.2/8902.bundle.js",
        "app/distv0.8.2/9001.bundle.js",
        "app/distv0.8.2/9159.bundle.js",
        "app/distv0.8.2/9524.bundle.js",
        "app/distv0.8.2/9592.bundle.js",
        "app/distv0.8.2/9652.bundle.js",
        "app/distv0.8.2/9655.bundle.js",
        "app/distv0.8.2/9667.bundle.js",
        "app/distv0.8.2/9755.bundle.js",
        "app/distv0.8.2/bundle.js",
        "app/distv0.8.2/bundle.js.LICENSE.txt",
        "app/service-worker.js",
        "app/static/account_creation/OutSystemsReactWidgets__XHmw1ie4RjNpaemnbpQ.css",
        "app/static/css/distv0.8.2/admin-more-styles.css",
        "app/static/css/distv0.8.2/admin-style.css",
        "app/static/css/distv0.8.2/loader.css",
        "app/static/css/distv0.8.2/my-styles.css"
    ],
    "rename": {
        "app/static/css/distv0.8.1/admin-more-styles.css": "app/static/css/distv0.8.2/admin-more-styles.css",
        "app/static/css/distv0.8.1/admin-style.css": "app/static/css/distv0.8.2/admin-style.css",
        "app/static/css/distv0.8.1/loader.css": "app/static/css/distv0.8.2/loader.css",
        "app/static/css/distv0.8.1/my-styles.css": "app/static/css/distv0.8.2/my-styles.css"
    },
    "delete": [],
    "run": [],
    "generated_at": "2026-01-03T17:24:31+01:00"
}